[
    {
        "id": 1,
        "nom": "Tasty Blend",
        "pieces": 12,
        "prix": 12.50,
        "image": "tasty-blend",
        "aliments": [
            {
                "nom": "California Saumon Avocat",
                "quantite": 3
            },
            {
                "nom": "Sushi Saumon",
                "quantite": 3
            },
            {
                "nom": "Spring Avocat Cheese",
                "quantite": 3
            },
            {
                "nom": "California pacific",
                "quantite": 3
            },
            {
                "nom": "Edamame/Salade de chou",
                "quantite": 1
            }
        ],
        "saveurs": [
            "saumon",
            "avocat",
            "cheese"
        ]
    },
    {
        "id": 2,
        "nom": "Amateur Mix",
        "pieces": 18,
        "aliments": [
            {
                "nom": "Maki Salmon Roll",
                "quantite": 3
            },
            {
                "nom": "Spring Saumon Avocat",
                "quantite": 3
            },
            {
                "nom": "Maki Cheese Avocat",
                "quantite": 6
            },
            {
                "nom": "California Saumon Avocat",
                "quantite": 3
            },
            {
                "nom": "Edamame/Salade de chou",
                "quantite": 1
            }
        ],
        "saveurs": [
            "coriandre",
            "saumon",
            "avocat",
            "cheese"
        ],
        "prix": 15.90,
        "image": "amateur-mix"
    },
    {
        "id": 3,
        "nom": "Saumon Original",
        "pieces": 11,
        "aliments": [
            {
                "nom": "California Saumon Avocat",
                "quantite": 6
            },
            {
                "nom": "Sushi Saumon",
                "quantite": 5
            },
            {
                "nom": "Edamame/Salade de chou",
                "quantite": 1
            }
        ],
        "saveurs": [
            "saumon",
            "avocat"
        ],
        "prix": 12.50,
        "image": "salmon-original"
    },
    {
        "id": 4,
        "nom": "Salmon Lovers",
        "pieces": 18,
        "aliments": [
            {
                "nom": "California Saumon Avocat",
                "quantite": 6
            },
            {
                "nom": "Spring Saumon Avocat",
                "quantite": 6
            },
            {
                "nom": "Sushi Saumon",
                "quantite": 6
            },
            {
                "nom": "Edamame/Salade de chou",
                "quantite": 1
            }
        ],
        "saveurs": [
            "coriandre",
            "saumon",
            "avocat"
        ],
        "prix": 15.90,
        "image": "salmon-lovers"
    },
    {
        "id": 5,
        "nom": "Salmon Classic",
        "pieces": 10,
        "aliments": [
            {
                "nom": "Sushi Saumon",
                "quantite": 10
            },
            {
                "nom": "Edamame/Salade de chou",
                "quantite": 1
            }
        ],
        "saveurs": [
            "saumon"
        ],
        "prix": 15.90,
        "image": "salmon-classic"
    },
    {
        "id": 6,
        "nom": "Master Mix",
        "pieces": 12,
        "aliments": [
            {
                "nom": "Sushi Saumon",
                "quantite": 4
            },
            {
                "nom": "Sushi Thon",
                "quantite": 2
            },
            {
                "nom": "California Thon Avocat",
                "quantite": 3
            },
            {
                "nom": "California Saumon Avocat",
                "quantite": 3
            },
            {
                "nom": "Edamame / Salade de chou",
                "quantite": 1
            }
        ],
        "saveurs": [
            "saumon",
            "thon",
            "avocat"
        ],
        "prix": 15.90,
        "image": "master-mix"
    },
    {
        "id": 7,
        "nom": "Sunrise",
        "pieces": 18,
        "aliments": [
            {
                "nom": "Maki Salmon Roll",
                "quantite": 6
            },
            {
                "nom": "California Saumon Avocat",
                "quantite": 6
            },
            {
                "nom": "California Thon Cuit Avocat",
                "quantite": 6
            },
            {
                "nom": "Edamame / Salade de chou",
                "quantite": 1
            }
        ],
        "saveurs": [
            "saumon",
            "thon",
            "avocat",
            "cheese"
        ],
        "prix": 15.90,
        "image": "sunrise"
    },
    {
        "id": 8,
        "nom": "Sando Box Chicken Katsu",
        "pieces": 13,
        "aliments": [
            {
                "nom": "Sando Chicken Katsu",
                "quantite": 0.5
            },
            {
                "nom": "Maki Salmon Roll",
                "quantite": 6
            },
            {
                "nom": "California Saumon Avocat",
                "quantite": 6
            },
            {
                "nom": "California Thon Cuit Avocat",
                "quantite": 6
            },
            {
                "nom": "Edamame / Salade de chou",
                "quantite": 1
            }
        ],
        "saveurs": [
            "saumon",
            "viande",
            "avocat",
            "cheese"
        ],
        "prix": 15.90,
        "image": "sando-box-chicken-katsu"
    },
    {
        "id": 9,
        "nom": "Sando Box Salmon Aburi",
        "pieces": 13,
        "aliments": [
            {
                "nom": "Sando Salmon Aburi",
                "quantite": 0.5
            },
            {
                "nom": "California Saumon Avocat",
                "quantite": 6
            },
            {
                "nom": "California Thon Cuit Avocat",
                "quantite": 6
            },
            {
                "nom": "Edamame / Salade de chou",
                "quantite": 1
            }
        ],
        "saveurs": [
            "saumon",
            "thon",
            "avocat"
        ],
        "prix": 15.90,
        "image": "sando-box-salmon-aburi"
    },
    {
        "id": 10,
        "nom": "Super Salmon",
        "pieces": 24,
        "aliments": [
            {
                "nom": "California Saumon Avocat",
                "quantite": 6
            },
            {
                "nom": "Maki Salmon Roll",
                "quantite": 6
            },
            {
                "nom": "Maki Salmon",
                "quantite": 6
            },
            {
                "nom": "Spring Saumon Avocat",
                "quantite": 6
            },
            {
                "nom": "Edamame / Salade de chou",
                "quantite": 1
            }
        ],
        "saveurs": [
            "coriandre",
            "saumon",
            "avocat",
            "cheese"
        ],
        "prix": 19.90,
        "image": "super-salmon"
    },
    {
        "id": 11,
        "nom": "California Dream",
        "pieces": 24,
        "aliments": [
            {
                "nom": "California Saumon Avocat",
                "quantite": 6
            },
            {
                "nom": "California Crevette",
                "quantite": 6
            },
            {
                "nom": "California Thon Cuit Avocat",
                "quantite": 6
            },
            {
                "nom": "California Chicken Katsu",
                "quantite": 6
            },
            {
                "nom": "Edamame / Salade de chou",
                "quantite": 1
            }
        ],
        "saveurs": [
            "spicy",
            "saumon",
            "thon",
            "crevette",
            "viande",
            "avocat"
        ],
        "prix": 19.90,
        "image": "california-dream"
    },
    {
        "id": 12,
        "nom": "Gourmet Mix",
        "pieces": 22,
        "aliments": [
            {
                "nom": "Spring tataki Saumon",
                "quantite": 6
            },
            {
                "nom": "Signature Dragon Roll",
                "quantite": 4
            },
            {
                "nom": "California French Touch",
                "quantite": 3
            },
            {
                "nom": "California French salmon",
                "quantite": 6
            },
            {
                "nom": "California Yellowtail Ponzu",
                "quantite": 3
            },
            {
                "nom": "Edamame / Salade de chou",
                "quantite": 1
            }
        ],
        "saveurs": [
            "coriande",
            "spicy",
            "saumon",
            "viande",
            "avocat",
            "seriole lalandi"
        ],
        "prix": 24.50,
        "image": "gourmet-mix"
    },
    {
        "id": 13,
        "nom": "Fresh Mix",
        "pieces": 22,
        "aliments": [
            {
                "nom": "Signature Rock'n Roll",
                "quantite": 4
            },
            {
                "nom": "Maki Salmon Roll",
                "quantite": 6
            },
            {
                "nom": "California Pacific",
                "quantite": 6
            },
            {
                "nom": "Sushi Salmon",
                "quantite": 4
            },
            {
                "nom": "Sushi Saumon Tsukudani",
                "quantite": 2
            },
            {
                "nom": "Edamame / Salade de chou",
                "quantite": 1
            }
        ],
        "saveurs": [
            "spicy",
            "saumon",
            "thon",
            "avocat",
            "cheese"
        ],
        "prix": 24.50,
        "image": "fresh-mix"
    }
]
